{
    "val": {
        "r2_score": 0.8464412890185942,
        "r": 0.9207862039553957
    }
}