{
    "val": {
        "r2_score": 0.920527388263534,
        "r": 0.9602747636579549
    }
}