{
    "val": {
        "r2_score": 0.8757239330275844,
        "r": 0.9397673524988204
    }
}