{
    "val": {
        "r2_score": 0.8779828538840232,
        "r": 0.9393583755144428
    }
}