{
    "val": {
        "r2_score": 0.8820326455219789,
        "r": 0.940456963401757
    }
}