{
    "val": {
        "r2_score": 0.9149368653061483,
        "r": 0.9568106134715054
    }
}