{
    "val": {
        "r2_score": 0.8569904132101653,
        "r": 0.9268905437568201
    }
}